<?xml version="1.0" encoding="UTF-8"?>
<dmRL xmlns="http://www.s1000d.org/S1000D_6_0/xml_schema/dmRL">
    <!-- 6. Procedimientos de Gestión y Control -->
    <dmRef>
        <dmCode>
            <modelIdentCode>GAIA</modelIdentCode>
            <systemDiffCode>22</systemDiffCode>
            <subSystemDiffCode>00</subSystemDiffCode>
            <assyCode>00</assyCode>
            <disassyCode>00</disassyCode>
            <infoCode>200</infoCode>
            <infoCodeVariant>A</infoCodeVariant>
            <itemLocCode>00</itemLocCode>
        </dmCode>
        <dmTitle>
            <techName>Operación del Sistema de Control Automático</techName>
        </dmTitle>
    </dmRef>
    <dmRef>
        <dmCode>
            <modelIdentCode>GAIA</modelIdentCode>
            <systemDiffCode>22</systemDiffCode>
            <subSystemDiffCode>00</subSystemDiffCode>
            <assyCode>00</assyCode>
            <disassyCode>00</disassyCode>
            <infoCode>300</infoCode>
            <infoCodeVariant>A</infoCodeVariant>
            <itemLocCode>00</itemLocCode>
        </dmCode>
        <dmTitle>
            <techName>Diagnóstico y Mantenimiento de Sistemas de Control</techName>
        </dmTitle>
    </dmRef>

    <!-- 7. Capacitación y Simulación -->
    <!-- 7.1 Sistemas de Simulación -->
    <dmRef>
        <dmCode>
            <modelIdentCode>GAIA</modelIdentCode>
            <systemDiffCode>94</systemDiffCode>
            <subSystemDiffCode>00</subSystemDiffCode>
            <assyCode>00</assyCode>
            <disassyCode>00</disassyCode>
            <infoCode>100</infoCode>
            <infoCodeVariant>A</infoCodeVariant>
            <itemLocCode>00</itemLocCode>
        </dmCode>
        <dmTitle>
            <techName>Entrenamiento con Realidad Virtual y Aumentada</techName>
        </dmTitle>
    </dmRef>
    <dmRef>
        <dmCode>
            <modelIdentCode>GAIA</modelIdentCode>
            <systemDiffCode>94</systemDiffCode>
            <subSystemDiffCode>00</subSystemDiffCode>
            <assyCode>00</assyCode>
            <disassyCode>00</disassyCode>
            <infoCode>110</infoCode>
            <infoCodeVariant>A</infoCodeVariant>
            <itemLocCode>00</itemLocCode>
        </dmCode>
        <dmTitle>
            <techName>Simuladores de Vuelo con Integración de Energías Alternativas</techName>
        </dmTitle>
    </dmRef>

    <!-- 7.2 Procedimientos de Capacitación -->
    <dmRef>
        <dmCode>
            <modelIdentCode>GAIA</modelIdentCode>
            <systemDiffCode>94</systemDiffCode>
            <subSystemDiffCode>00</subSystemDiffCode>
            <assyCode>00</assyCode>
            <disassyCode>00</disassyCode>
            <infoCode>200</infoCode>
            <infoCodeVariant>A</infoCodeVariant>
            <itemLocCode>00</itemLocCode>
        </dmCode>
        <dmTitle>
            <techName>Diseño de Programas de Entrenamiento Técnico</techName>
        </dmTitle>
    </dmRef>
    <dmRef>
        <dmCode>
            <modelIdentCode>GAIA</modelIdentCode>
            <systemDiffCode>94</systemDiffCode>
            <subSystemDiffCode>00</subSystemDiffCode>
            <assyCode>00</assyCode>
            <disassyCode>00</disassyCode>
            <infoCode>300</infoCode>
            <infoCodeVariant>A</infoCodeVariant>
            <itemLocCode>00</itemLocCode>
        </dmCode>
        <dmTitle>
            <techName>Evaluación y Certificación de Competencias</techName>
        </dmTitle>
    </dmRef>

    <!-- 8. Tecnologías Digitales y Blockchain -->
    <!-- 8.1 Integración de Tecnologías Digitales -->
    <dmRef>
        <dmCode>
            <modelIdentCode>GAIA</modelIdentCode>
            <systemDiffCode>50</systemDiffCode>
            <subSystemDiffCode>00</subSystemDiffCode>
            <assyCode>00</assyCode>
            <disassyCode>00</disassyCode>
            <infoCode>100</infoCode>
            <infoCodeVariant>A</infoCodeVariant>
            <itemLocCode>00</itemLocCode>
        </dmCode>
        <dmTitle>
            <techName>Gemelos Digitales en Mantenimiento y Operaciones</techName>
        </dmTitle>
    </dmRef>
    <dmRef>
        <dmCode>
            <modelIdentCode>GAIA</modelIdentCode>
            <systemDiffCode>50</systemDiffCode>
            <subSystemDiffCode>00</subSystemDiffCode>
            <assyCode>00</assyCode>
            <disassyCode>00</disassyCode>
            <infoCode>110</infoCode>
            <infoCodeVariant>A</infoCodeVariant>
            <itemLocCode>00</itemLocCode>
        </dmCode>
        <dmTitle>
            <techName>Blockchain para Transparencia en Cadena de Suministro</techName>
        </dmTitle>
    </dmRef>

    <!-- 8.2 Procedimientos para Tecnologías Digitales -->
    <dmRef>
        <dmCode>
            <modelIdentCode>GAIA</modelIdentCode>
            <systemDiffCode>50</systemDiffCode>
            <subSystemDiffCode>00</subSystemDiffCode>
            <assyCode>00</assyCode>
            <disassyCode>00</disassyCode>
            <infoCode>200</infoCode>
            <infoCodeVariant>A</infoCodeVariant>
            <itemLocCode>00</itemLocCode>
        </dmCode>
        <dmTitle>
            <techName>Implementación de Blockchain en Mantenimiento</techName>
        </dmTitle>
    </dmRef>
    <dmRef>
        <dmCode>
            <modelIdentCode>GAIA</modelIdentCode>
            <systemDiffCode>50</systemDiffCode>
            <subSystemDiffCode>00</subSystemDiffCode>
            <assyCode>00</assyCode>
            <disassyCode>00</disassyCode>
            <infoCode>300</infoCode>
            <infoCodeVariant>A</infoCodeVariant>
            <itemLocCode>00</itemLocCode>
        </dmCode>
        <dmTitle>
            <techName>Monitoreo y Diagnóstico con Gemelos Digitales</techName>
        </dmTitle>
    </dmRef>
</dmRL>

How to Validate This XML

	1.	Link to Issue 6 Schema:
      •   Ensure that the http://www.s1000d.org/S1000D_6_0/xml_schema/dmRL schema file is used for validation.
	2.	Validation Tool:
      •   Use a compatible tool like Oxygen XML Editor or Altova XMLSpy to validate this XML against the schema.
	3.	Resolve Errors:
      •   If there are any validation issues, adjust the XML structure or content to ensure compliance.

Let me know if you want assistance in validating or generating additional S1000D-compliant files!
